{"cameraMode":{"drawMode":0,"name":"Shaded","section":"Shading Mode"},"sceneLighting":true,"audioPlay":false,"sceneViewState":{"showFog":true,"showMaterialUpdate":false,"showSkybox":true,"showFlares":true,"showImageEffects":true,"showParticleSystems":true},"in2DMode":false,"pivot":{"x":-0.002445787191390991,"y":0.32082483172416689,"z":-0.24439720809459687},"rotation":{"x":-0.009327973239123822,"y":-0.978674054145813,"z":0.04585205391049385,"w":-0.20001904666423798},"size":2.2578837871551515,"orthographic":false}