{"cameraMode":{"drawMode":0,"name":"Shaded","section":"Shading Mode"},"sceneLighting":true,"audioPlay":false,"sceneViewState":{"showFog":true,"showMaterialUpdate":false,"showSkybox":true,"showFlares":true,"showImageEffects":true,"showParticleSystems":true},"in2DMode":false,"pivot":{"x":0.21648435294628144,"y":1.0821985006332398,"z":1.656933307647705},"rotation":{"x":-0.045147284865379336,"y":-0.07934866845607758,"z":0.0036128186620771887,"w":-0.9958175420761108},"size":5.257884502410889,"orthographic":false}